construct,route,module_order,antigen_order,protein_aa,fragment_bp,transcript_nt,CTLA4_SP,LAMP1_SP,MA,HA,FLAG,A,B,L,E5,P2A,CTLA4_TMT,LAMP1_TMT
P0,"CTLA-4 (AP-2, via surface)",CTLA4_SP - HA - L - CTLA4_TMT - E5,none,116,751,694,1,0,0,1,0,0,0,1,1,0,1,0
P1,"CTLA-4 (AP-2, via surface)",CTLA4_SP - HA - L - A - L - CTLA4_TMT - E5,A,150,853,796,1,0,0,1,0,1,0,2,1,0,1,0
P2,"CTLA-4 (AP-2, via surface)",CTLA4_SP - HA - L - B - L - CTLA4_TMT - E5,B,150,853,796,1,0,0,1,0,0,1,2,1,0,1,0
P3,"CTLA-4 (AP-2, via surface)",CTLA4_SP - HA - L - A - L - B - L - CTLA4_TMT - E5,A+B,184,955,898,1,0,0,1,0,1,1,3,1,0,1,0
P4,"CTLA-4 (AP-2, via surface)",CTLA4_SP - HA - L - B - L - A - L - CTLA4_TMT - E5,B+A,184,955,898,1,0,0,1,0,1,1,3,1,0,1,0
P5,"cytosolic (+E5 degron, free C-terminus)",MA - HA - L - A - L - B - L - E5,A+B,89,670,613,0,0,1,1,0,1,1,3,1,0,0,0
P6,"LAMP1 (AP-3, direct to lysosome)",LAMP1_SP - HA - L - A - L - B - L - LAMP1_TMT,A+B,142,829,772,0,1,0,1,0,1,1,3,0,0,0,1
P7,dual: A cytosolic + B lysosomal,MA - HA - L - A - L - E5 - P2A - LAMP1_SP - FLAG - L - B - L - LAMP1_TMT,A+B,184,955,898,0,1,1,1,1,1,1,4,1,1,0,1
P8,dual: B cytosolic + A lysosomal,MA - HA - L - B - L - E5 - P2A - LAMP1_SP - FLAG - L - A - L - LAMP1_TMT,B+A,184,955,898,0,1,1,1,1,1,1,4,1,1,0,1
